<div class="mw-allpages-body"><ul class="mw-allpages-chunk"><li><a href="/wiki/Alendi" title="Alendi">Alendi</a></li>
<li class="allpagesredirect"><a href="/wiki/Allomancer" class="mw-redirect" title="Allomancer">Allomancer</a></li>
<li class="allpagesredirect"><a href="/wiki/Allomancers" class="mw-redirect" title="Allomancers">Allomancers</a></li>
<li><a href="/wiki/Allomancy" title="Allomancy">Allomancy</a></li>
<li class="allpagesredirect"><a href="/wiki/Allomancy_Table_of_Metal" class="mw-redirect" title="Allomancy Table of Metal">Allomancy Table of Metal</a></li>
<li class="allpagesredirect"><a href="/wiki/Allomantic" class="mw-redirect" title="Allomantic">Allomantic</a></li>
<li><a href="/wiki/Allomantic_Savant" title="Allomantic Savant">Allomantic Savant</a></li>
<li><a href="/wiki/Allomantic_Table_of_Metals" title="Allomantic Table of Metals">Allomantic Table of Metals</a></li>
<li class="allpagesredirect"><a href="/wiki/Allomatic" class="mw-redirect" title="Allomatic">Allomatic</a></li>
<li class="allpagesredirect"><a href="/wiki/Allriane" class="mw-redirect" title="Allriane">Allriane</a></li>
<li><a href="/wiki/Allriane_Cett" title="Allriane Cett">Allriane Cett</a></li>
<li><a href="/wiki/Allrianne_Cett" title="Allrianne Cett">Allrianne Cett</a></li>
<li class="allpagesredirect"><a href="/wiki/Aluminium" class="mw-redirect" title="Aluminium">Aluminium</a></li>
<li><a href="/wiki/Aluminum" title="Aluminum">Aluminum</a></li>
<li><a href="/wiki/Amaranta" title="Amaranta">Amaranta</a></li>
<li><a href="/wiki/Aradan_Yomen" title="Aradan Yomen">Aradan Yomen</a></li>
<li><a href="/wiki/Ash" title="Ash">Ash</a></li>
<li><a href="/wiki/Ashmounts" title="Ashmounts">Ashmounts</a></li>
<li><a href="/wiki/Ashweather_Cett" title="Ashweather Cett">Ashweather Cett</a></li>
<li><a href="/wiki/Assembly" title="Assembly">Assembly</a></li>
<li><a href="/wiki/Atium" title="Atium">Atium</a></li>
<li><a href="/wiki/Bendalloy" title="Bendalloy">Bendalloy</a></li>
<li><a href="/wiki/Blessing" title="Blessing">Blessing</a></li>
<li><a href="/wiki/Blessing_of_Awareness" title="Blessing of Awareness">Blessing of Awareness</a></li>
<li><a href="/wiki/Blessing_of_Potency" title="Blessing of Potency">Blessing of Potency</a></li>
<li><a href="/wiki/Blessing_of_Presence" title="Blessing of Presence">Blessing of Presence</a></li>
<li><a href="/wiki/Blessing_of_Stability" title="Blessing of Stability">Blessing of Stability</a></li>
<li><a href="/wiki/Brandon_Sanderson" title="Brandon Sanderson">Brandon Sanderson</a></li>
<li><a href="/wiki/Brass" title="Brass">Brass</a></li>
<li><a href="/wiki/Breeze" title="Breeze">Breeze</a></li>
<li><a href="/wiki/Bronze" title="Bronze">Bronze</a></li>
<li><a href="/wiki/Cadmium" title="Cadmium">Cadmium</a></li>
<li><a href="/wiki/Camon" title="Camon">Camon</a></li>
<li class="allpagesredirect"><a href="/wiki/Canton" class="mw-redirect" title="Canton">Canton</a></li>
<li class="allpagesredirect"><a href="/wiki/Captain_Demoux" class="mw-redirect" title="Captain Demoux">Captain Demoux</a></li>
<li><a href="/wiki/Catacendre" title="Catacendre">Catacendre</a></li>
<li class="allpagesredirect"><a href="/wiki/Cerrobend" class="mw-redirect" title="Cerrobend">Cerrobend</a></li>
<li><a href="/wiki/Cett" title="Cett">Cett</a></li>
<li><a href="/wiki/Characters" title="Characters">Characters</a></li>
<li><a href="/wiki/Chromium" title="Chromium">Chromium</a></li>
<li><a href="/wiki/Church_of_the_Survivor" title="Church of the Survivor">Church of the Survivor</a></li>
<li><a href="/wiki/Citizen" title="Citizen">Citizen</a></li>
<li class="allpagesredirect"><a href="/wiki/Clip" class="mw-redirect" title="Clip">Clip</a></li>
<li><a href="/wiki/Clubs" title="Clubs">Clubs</a></li>
<li class="allpagesredirect"><a href="/wiki/Coinshot" class="mw-redirect" title="Coinshot">Coinshot</a></li>
<li><a href="/wiki/Collapse" title="Collapse">Collapse</a></li>
<li><a href="/wiki/Conventical_of_Seran" title="Conventical of Seran">Conventical of Seran</a></li>
<li><a href="/wiki/Copper" title="Copper">Copper</a></li>
<li class="allpagesredirect"><a href="/wiki/Copper_Clip" class="mw-redirect" title="Copper Clip">Copper Clip</a></li>
<li><a href="/wiki/Crasher" title="Crasher">Crasher</a></li>
<li><a href="/wiki/Dadradah" title="Dadradah">Dadradah</a></li>
<li><a href="/wiki/Deepness" title="Deepness">Deepness</a></li>
<li><a href="/wiki/Demoux" title="Demoux">Demoux</a></li>
<li><a href="/wiki/Devinshae" title="Devinshae">Devinshae</a></li>
<li><a href="/wiki/Dockson" title="Dockson">Dockson</a></li>
<li><a href="/wiki/Dominance" title="Dominance">Dominance</a></li>
<li><a href="/wiki/Duralumin" title="Duralumin">Duralumin</a></li>
<li><a href="/wiki/Edwarn_Ladrian" title="Edwarn Ladrian">Edwarn Ladrian</a></li>
<li><a href="/wiki/Electrum" title="Electrum">Electrum</a></li>
<li class="allpagesredirect"><a href="/wiki/Elend" class="mw-redirect" title="Elend">Elend</a></li>
<li><a href="/wiki/Elend_Venture" title="Elend Venture">Elend Venture</a></li>
<li><a href="/wiki/Elendel" title="Elendel">Elendel</a></li>
<li><a href="/wiki/Elendel_Basin" title="Elendel Basin">Elendel Basin</a></li>
<li><a href="/wiki/Fadrex" title="Fadrex">Fadrex</a></li>
<li><a href="/wiki/Fadrex_City" title="Fadrex City">Fadrex City</a></li>
<li><a href="/wiki/Ferson_Penrod" title="Ferson Penrod">Ferson Penrod</a></li>
<li><a href="/wiki/Feruchemist" title="Feruchemist">Feruchemist</a></li>
<li><a href="/wiki/Feruchemy" title="Feruchemy">Feruchemy</a></li>
<li><a href="/wiki/Final_Empire" title="Final Empire">Final Empire</a></li>
<li><a href="/wiki/First_Generation" title="First Generation">First Generation</a></li>
<li><a href="/wiki/Fortnite" title="Fortnite">Fortnite</a></li>
<li><a href="/wiki/Gemmel" title="Gemmel">Gemmel</a></li>
<li class="allpagesredirect"><a href="/wiki/Gneorndin" class="mw-redirect" title="Gneorndin">Gneorndin</a></li>
<li><a href="/wiki/Gneorndin_Cett" title="Gneorndin Cett">Gneorndin Cett</a></li>
<li><a href="/wiki/Gold" title="Gold">Gold</a></li>
<li><a href="/wiki/Goradel" title="Goradel">Goradel</a></li>
<li><a href="/wiki/Great_Houses_of_Luthadel" title="Great Houses of Luthadel">Great Houses of Luthadel</a></li>
<li><a href="/wiki/Haddek" title="Haddek">Haddek</a></li>
<li class="allpagesredirect"><a href="/wiki/Ham" class="mw-redirect" title="Ham">Ham</a></li>
<li><a href="/wiki/Hammond" title="Hammond">Hammond</a></li>
<li><a href="/wiki/Harmony" title="Harmony">Harmony</a></li>
<li class="allpagesredirect"><a href="/wiki/Hathsin" class="mw-redirect" title="Hathsin">Hathsin</a></li>
<li><a href="/wiki/Hazekillers" title="Hazekillers">Hazekillers</a></li>
<li class="allpagesredirect"><a href="/wiki/Head_Prelan" class="mw-redirect" title="Head Prelan">Head Prelan</a></li>
<li class="allpagesredirect"><a href="/wiki/Hemalurgic" class="mw-redirect" title="Hemalurgic">Hemalurgic</a></li>
<li><a href="/wiki/Hemalurgic_Spikes" title="Hemalurgic Spikes">Hemalurgic Spikes</a></li>
<li class="allpagesredirect"><a href="/wiki/Hemalurgic_spike" class="mw-redirect" title="Hemalurgic spike">Hemalurgic spike</a></li>
<li><a href="/wiki/Hemalurgy" title="Hemalurgy">Hemalurgy</a></li>
<li><a href="/wiki/Hero_of_Ages" title="Hero of Ages">Hero of Ages</a></li>
<li><a href="/wiki/High_imperial" title="High imperial">High imperial</a></li>
<li><a href="/wiki/Hoid" title="Hoid">Hoid</a></li>
<li class="allpagesredirect"><a href="/wiki/House_Elariel" class="mw-redirect" title="House Elariel">House Elariel</a></li>
<li><a href="/wiki/House_Venture" title="House Venture">House Venture</a></li>
<li><a href="/wiki/Human" title="Human">Human</a></li>
<li><a href="/wiki/Imperial_Boxing_of_The_Final_Empire" title="Imperial Boxing of The Final Empire">Imperial Boxing of The Final Empire</a></li>
<li><a href="/wiki/Imperial_Copper_Clip" title="Imperial Copper Clip">Imperial Copper Clip</a></li>
<li><a href="/wiki/Inquisitor" title="Inquisitor">Inquisitor</a></li>
<li><a href="/wiki/Iron" title="Iron">Iron</a></li>
<li><a href="/wiki/Janarle" title="Janarle">Janarle</a></li>
<li><a href="/wiki/Jastes_Lekal" title="Jastes Lekal">Jastes Lekal</a></li>
<li><a href="/wiki/KanPaar" title="KanPaar">KanPaar</a></li>
<li><a href="/wiki/Kandra" title="Kandra">Kandra</a></li>
<li><a href="/wiki/Kandra_Homeland" title="Kandra Homeland">Kandra Homeland</a></li>
<li><a href="/wiki/Kandra_Homeworld" title="Kandra Homeworld">Kandra Homeworld</a></li>
<li class="allpagesredirect"><a href="/wiki/Kandra_homeworld" class="mw-redirect" title="Kandra homeworld">Kandra homeworld</a></li>
<li><a href="/wiki/Kar" title="Kar">Kar</a></li>
<li><a href="/wiki/Keeper" title="Keeper">Keeper</a></li>
<li><a href="/wiki/Kelsier" title="Kelsier">Kelsier</a></li>
<li><a href="/wiki/Kelsier%27s_crew" title="Kelsier's crew">Kelsier's crew</a></li>
<li><a href="/wiki/Kelsier_(Fortnite)" title="Kelsier (Fortnite)">Kelsier (Fortnite)</a></li>
<li><a href="/wiki/Khlennium" title="Khlennium">Khlennium</a></li>
<li><a href="/wiki/Kliss" title="Kliss">Kliss</a></li>
<li class="allpagesredirect"><a href="/wiki/Kolloss" class="mw-redirect" title="Kolloss">Kolloss</a></li>
<li><a href="/wiki/Koloss" title="Koloss">Koloss</a></li>
<li><a href="/wiki/Kredik_Shaw" title="Kredik Shaw">Kredik Shaw</a></li>
<li><a href="/wiki/Kwaan" title="Kwaan">Kwaan</a></li>
<li><a href="/wiki/Ladrian" title="Ladrian">Ladrian</a></li>
<li class="allpagesredirect"><a href="/wiki/Larasium" class="mw-redirect" title="Larasium">Larasium</a></li>
<li><a href="/wiki/Larsta" title="Larsta">Larsta</a></li>
<li><a href="/wiki/Larstaism" title="Larstaism">Larstaism</a></li>
<li><a href="/wiki/Lerasium" title="Lerasium">Lerasium</a></li>
<li class="allpagesredirect"><a href="/wiki/Lestibournes" class="mw-redirect" title="Lestibournes">Lestibournes</a></li>
<li class="allpagesredirect"><a href="/wiki/Links" class="mw-redirect" title="Links">Links</a></li>
<li><a href="/wiki/Lord_Ashweather_Cett" title="Lord Ashweather Cett">Lord Ashweather Cett</a></li>
<li class="allpagesredirect"><a href="/wiki/Lord_Ruler" class="mw-redirect" title="Lord Ruler">Lord Ruler</a></li>
<li class="allpagesredirect"><a href="/wiki/Lord_Straff_Venture" class="mw-redirect" title="Lord Straff Venture">Lord Straff Venture</a></li>
<li><a href="/wiki/Lord_Tresting" title="Lord Tresting">Lord Tresting</a></li>
<li><a href="/wiki/Luthadel" title="Luthadel">Luthadel</a></li>
<li class="allpagesredirect"><a href="/wiki/Main_Page" class="mw-redirect" title="Main Page">Main Page</a></li>
<li><a href="/wiki/Malatium" title="Malatium">Malatium</a></li>
<li><a href="/wiki/Marasi_Colms" title="Marasi Colms">Marasi Colms</a></li>
<li><a href="/wiki/Mare" title="Mare">Mare</a></li>
<li><a href="/wiki/Marsh" title="Marsh">Marsh</a></li>
<li><a href="/wiki/Massacre_of_Holstep" title="Massacre of Holstep">Massacre of Holstep</a></li>
<li><a href="/wiki/MeLaan" title="MeLaan">MeLaan</a></li>
<li><a href="/wiki/Metal" title="Metal">Metal</a></li>
<li><a href="/wiki/Metalborn" title="Metalborn">Metalborn</a></li>
<li><a href="/wiki/Metalmind" title="Metalmind">Metalmind</a></li>
<li><a href="/wiki/Miles_Dagouter" title="Miles Dagouter">Miles Dagouter</a></li>
<li><a href="/wiki/Mist" title="Mist">Mist</a></li>
<li><a href="/wiki/Mistborn" title="Mistborn">Mistborn</a></li>
<li class="allpagesredirect"><a href="/wiki/Mistborn(book)" class="mw-redirect" title="Mistborn(book)">Mistborn(book)</a></li>
<li class="allpagesredirect"><a href="/wiki/Mistborn:_Bands_of_Mourning" class="mw-redirect" title="Mistborn: Bands of Mourning">Mistborn: Bands of Mourning</a></li>
<li><a href="/wiki/Mistborn:_Secret_History" title="Mistborn: Secret History">Mistborn: Secret History</a></li>
<li><a href="/wiki/Mistborn:_Shadows_of_Self" title="Mistborn: Shadows of Self">Mistborn: Shadows of Self</a></li>
<li class="allpagesredirect"><a href="/wiki/Mistborn:_The_Alloy_of_Law" class="mw-redirect" title="Mistborn: The Alloy of Law">Mistborn: The Alloy of Law</a></li>
<li class="allpagesredirect"><a href="/wiki/Mistborn:_The_Bands_of_Mourning" class="mw-redirect" title="Mistborn: The Bands of Mourning">Mistborn: The Bands of Mourning</a></li>
<li><a href="/wiki/Mistborn:_The_Final_Empire" title="Mistborn: The Final Empire">Mistborn: The Final Empire</a></li>
<li><a href="/wiki/Mistborn:_The_Hero_of_Ages" title="Mistborn: The Hero of Ages">Mistborn: The Hero of Ages</a></li>
<li><a href="/wiki/Mistborn:_The_Lost_Metal" title="Mistborn: The Lost Metal">Mistborn: The Lost Metal</a></li>
<li><a href="/wiki/Mistborn:_The_Well_of_Ascension" title="Mistborn: The Well of Ascension">Mistborn: The Well of Ascension</a></li>
<li><a href="/wiki/Mistborn_RPG" title="Mistborn RPG">Mistborn RPG</a></li>
<li><a href="/wiki/Mistborn_Wiki" title="Mistborn Wiki">Mistborn Wiki</a></li>
<li><a href="/wiki/Mistborn_series" title="Mistborn series">Mistborn series</a></li>
<li><a href="/wiki/Misting" title="Misting">Misting</a></li>
<li class="allpagesredirect"><a href="/wiki/Mistings" class="mw-redirect" title="Mistings">Mistings</a></li>
<li><a href="/wiki/Mistwraiths" title="Mistwraiths">Mistwraiths</a></li>
<li class="allpagesredirect"><a href="/wiki/Murtagh4" class="mw-redirect" title="Murtagh4">Murtagh4</a></li>
<li class="allpagesredirect"><a href="/wiki/Navbox" class="mw-redirect" title="Navbox">Navbox</a></li>
<li><a href="/wiki/Nicrosil" title="Nicrosil">Nicrosil</a></li>
<li><a href="/wiki/Nobility" title="Nobility">Nobility</a></li>
<li><a href="/wiki/Noble" title="Noble">Noble</a></li>
<li><a href="/wiki/Noble_house" title="Noble house">Noble house</a></li>
<li><a href="/wiki/Noorden" title="Noorden">Noorden</a></li>
<li class="allpagesredirect"><a href="/wiki/Obligator" class="mw-redirect" title="Obligator">Obligator</a></li>
<li><a href="/wiki/OreSeur" title="OreSeur">OreSeur</a></li>
<li><a href="/wiki/Paalm" title="Paalm">Paalm</a></li>
<li><a href="/wiki/Pewter" title="Pewter">Pewter</a></li>
<li><a href="/wiki/Pewterarm" title="Pewterarm">Pewterarm</a></li>
<li><a href="/wiki/Pits_of_Hathsin" title="Pits of Hathsin">Pits of Hathsin</a></li>
<li><a href="/wiki/Planned_Content-1st_Quarter_2010" title="Planned Content-1st Quarter 2010">Planned Content-1st Quarter 2010</a></li>
<li><a href="/wiki/Preservation" title="Preservation">Preservation</a></li>
<li><a href="/wiki/Quellion" title="Quellion">Quellion</a></li>
<li><a href="/wiki/Ranette" title="Ranette">Ranette</a></li>
<li><a href="/wiki/Rashek" title="Rashek">Rashek</a></li>
<li><a href="/wiki/Reen" title="Reen">Reen</a></li>
<li><a href="/wiki/Rioter" title="Rioter">Rioter</a></li>
<li><a href="/wiki/Roughs" title="Roughs">Roughs</a></li>
<li><a href="/wiki/Ruin" title="Ruin">Ruin</a></li>
<li><a href="/wiki/Sazed" title="Sazed">Sazed</a></li>
<li><a href="/wiki/Scadrial" title="Scadrial">Scadrial</a></li>
<li><a href="/wiki/Seeker" title="Seeker">Seeker</a></li>
<li><a href="/wiki/Seer" title="Seer">Seer</a></li>
<li class="allpagesredirect"><a href="/wiki/Seige_of_Luthadel" class="mw-redirect" title="Seige of Luthadel">Seige of Luthadel</a></li>
<li><a href="/wiki/Shadows_of_Self" title="Shadows of Self">Shadows of Self</a></li>
<li><a href="/wiki/Shan_Elariel" title="Shan Elariel">Shan Elariel</a></li>
<li><a href="/wiki/Siege_of_Luthadel" title="Siege of Luthadel">Siege of Luthadel</a></li>
<li><a href="/wiki/Silver" title="Silver">Silver</a></li>
<li><a href="/wiki/Skaa" title="Skaa">Skaa</a></li>
<li><a href="/wiki/Skaa_Rebellion" title="Skaa Rebellion">Skaa Rebellion</a></li>
<li><a href="/wiki/Skaa_underworld" title="Skaa underworld">Skaa underworld</a></li>
<li><a href="/wiki/Skimmer" title="Skimmer">Skimmer</a></li>
<li><a href="/wiki/Smoker" title="Smoker">Smoker</a></li>
<li><a href="/wiki/Soother" title="Soother">Soother</a></li>
<li class="allpagesredirect"><a href="/wiki/Soothing" class="mw-redirect" title="Soothing">Soothing</a></li>
<li class="allpagesredirect"><a href="/wiki/Soothing_Station" class="mw-redirect" title="Soothing Station">Soothing Station</a></li>
<li class="allpagesredirect"><a href="/wiki/Soothing_Stations" class="mw-redirect" title="Soothing Stations">Soothing Stations</a></li>
<li><a href="/wiki/Soothing_stations" title="Soothing stations">Soothing stations</a></li>
<li><a href="/wiki/Spook" title="Spook">Spook</a></li>
<li><a href="/wiki/Steel" title="Steel">Steel</a></li>
<li class="allpagesredirect"><a href="/wiki/Steel_Inquisitor" class="mw-redirect" title="Steel Inquisitor">Steel Inquisitor</a></li>
<li class="allpagesredirect"><a href="/wiki/Steel_Inquisitors" class="mw-redirect" title="Steel Inquisitors">Steel Inquisitors</a></li>
<li><a href="/wiki/Steel_Ministry" title="Steel Ministry">Steel Ministry</a></li>
<li><a href="/wiki/Steris" title="Steris">Steris</a></li>
<li><a href="/wiki/Straff" title="Straff">Straff</a></li>
<li><a href="/wiki/Straff_Venture" title="Straff Venture">Straff Venture</a></li>
<li class="allpagesredirect"><a href="/wiki/Synod" class="mw-redirect" title="Synod">Synod</a></li>
<li><a href="/wiki/Tarson" title="Tarson">Tarson</a></li>
<li><a href="/wiki/Tase" title="Tase">Tase</a></li>
<li><a href="/wiki/Telden" title="Telden">Telden</a></li>
<li><a href="/wiki/Telsin_Ladrian" title="Telsin Ladrian">Telsin Ladrian</a></li>
<li><a href="/wiki/TenSoon" title="TenSoon">TenSoon</a></li>
<li><a href="/wiki/Terris" title="Terris">Terris</a></li>
<li class="allpagesredirect"><a href="/wiki/Terris_Mountains" class="mw-redirect" title="Terris Mountains">Terris Mountains</a></li>
<li><a href="/wiki/Terris_People" title="Terris People">Terris People</a></li>
<li class="allpagesredirect"><a href="/wiki/Terris_Religion" class="mw-redirect" title="Terris Religion">Terris Religion</a></li>
<li><a href="/wiki/Tevidian" title="Tevidian">Tevidian</a></li>
<li><a href="/wiki/The_Alloy_of_Law" title="The Alloy of Law">The Alloy of Law</a></li>
<li class="allpagesredirect"><a href="/wiki/The_Alloy_of_Law:_A_Mistborn_Novel" class="mw-redirect" title="The Alloy of Law: A Mistborn Novel">The Alloy of Law: A Mistborn Novel</a></li>
<li><a href="/wiki/The_Bands_of_Mourning" title="The Bands of Mourning">The Bands of Mourning</a></li>
<li><a href="/wiki/The_Contract" title="The Contract">The Contract</a></li>
<li class="allpagesredirect"><a href="/wiki/The_Final_Empire" class="mw-redirect" title="The Final Empire">The Final Empire</a></li>
<li><a href="/wiki/The_First_Generation" title="The First Generation">The First Generation</a></li>
<li class="allpagesredirect"><a href="/wiki/The_Lord_Ruler" class="mw-redirect" title="The Lord Ruler">The Lord Ruler</a></li>
<li class="allpagesredirect"><a href="/wiki/The_Lost_Metal" class="mw-redirect" title="The Lost Metal">The Lost Metal</a></li>
<li><a href="/wiki/The_Origin" title="The Origin">The Origin</a></li>
<li><a href="/wiki/The_Set" title="The Set">The Set</a></li>
<li><a href="/wiki/The_Vanishers" title="The Vanishers">The Vanishers</a></li>
<li><a href="/wiki/The_death" title="The death">The death</a></li>
<li class="allpagesredirect"><a href="/wiki/The_hero_of_ages" class="mw-redirect" title="The hero of ages">The hero of ages</a></li>
<li><a href="/wiki/Thieving_crew" title="Thieving crew">Thieving crew</a></li>
<li><a href="/wiki/Thug" title="Thug">Thug</a></li>
<li><a href="/wiki/Tin" title="Tin">Tin</a></li>
<li><a href="/wiki/Tindwyl" title="Tindwyl">Tindwyl</a></li>
<li><a href="/wiki/Tineye" title="Tineye">Tineye</a></li>
<li><a href="/wiki/Trell" title="Trell">Trell</a></li>
<li><a href="/wiki/True_Body" title="True Body">True Body</a></li>
<li class="allpagesredirect"><a href="/wiki/Truekandra" class="mw-redirect" title="Truekandra">Truekandra</a></li>
<li class="allpagesredirect"><a href="/wiki/Trytoguess" class="mw-redirect" title="Trytoguess">Trytoguess</a></li>
<li><a href="/wiki/Twinborn" title="Twinborn">Twinborn</a></li>
<li><a href="/wiki/Unnamed_Younger_Sister" title="Unnamed Younger Sister">Unnamed Younger Sister</a></li>
<li><a href="/wiki/Urteau" title="Urteau">Urteau</a></li>
<li><a href="/wiki/Vin" title="Vin">Vin</a></li>
<li><a href="/wiki/Volcanic_Glass_Daggers" title="Volcanic Glass Daggers">Volcanic Glass Daggers</a></li>
<li><a href="/wiki/WaxilliumLadrian.jpeg" title="WaxilliumLadrian.jpeg">WaxilliumLadrian.jpeg</a></li>
<li><a href="/wiki/Waxillium_Ladrian" title="Waxillium Ladrian">Waxillium Ladrian</a></li>
<li><a href="/wiki/Wayne" title="Wayne">Wayne</a></li>
<li><a href="/wiki/Well_of_Ascension" title="Well of Ascension">Well of Ascension</a></li>
<li><a href="/wiki/Wellen" title="Wellen">Wellen</a></li>
<li class="allpagesredirect"><a href="/wiki/Worldbringer" class="mw-redirect" title="Worldbringer">Worldbringer</a></li>
<li><a href="/wiki/Yeden" title="Yeden">Yeden</a></li>
<li><a href="/wiki/Zane" title="Zane">Zane</a></li>
<li><a href="/wiki/Zinc" title="Zinc">Zinc</a></li>
</ul></div>